id,sheet_tab,original_row_number,source_index,original_url,normalized_url,route_path,category,source_sitemap,priority,sheet_http_status,sheet_response_ms,sheet_status_note,valid_url,external,asset_like,status,duplicate_of
1,Sitemap URLs.csv,2,1,https://qorium.online,https://qorium.online/,/,Home,https://qorium.online/sitemap.xml,1,200,459,,True,False,False,queued,
2,Sitemap URLs.csv,3,2,https://qorium.online/about,https://qorium.online/about,/about,About,https://qorium.online/sitemap.xml,0.8,200,218,,True,False,False,queued,
3,Sitemap URLs.csv,4,3,https://qorium.online/anti-leak,https://qorium.online/anti-leak,/anti-leak,Anti-leak,https://qorium.online/sitemap.xml,0.8,200,391,,True,False,False,queued,
4,Sitemap URLs.csv,5,4,https://qorium.online/authoring,https://qorium.online/authoring,/authoring,Authoring,https://qorium.online/sitemap.xml,0.8,200,225,,True,False,False,queued,
5,Sitemap URLs.csv,6,5,https://qorium.online/blog,https://qorium.online/blog,/blog,Blog,https://qorium.online/sitemap.xml,0.7,200,239,,True,False,False,queued,
6,Sitemap URLs.csv,7,6,https://qorium.online/blog/anti-cheat-beyond-proctoring,https://qorium.online/blog/anti-cheat-beyond-proctoring,/blog/anti-cheat-beyond-proctoring,Blog,https://qorium.online/sitemap.xml,0.6,200,467,,True,False,False,queued,
7,Sitemap URLs.csv,8,7,https://qorium.online/blog/irt-calibration-explained,https://qorium.online/blog/irt-calibration-explained,/blog/irt-calibration-explained,Blog,https://qorium.online/sitemap.xml,0.6,200,523,,True,False,False,queued,
8,Sitemap URLs.csv,9,8,https://qorium.online/blog/leak-problem,https://qorium.online/blog/leak-problem,/blog/leak-problem,Blog,https://qorium.online/sitemap.xml,0.6,200,524,,True,False,False,queued,
9,Sitemap URLs.csv,10,9,https://qorium.online/blog/role-graph,https://qorium.online/blog/role-graph,/blog/role-graph,Blog,https://qorium.online/sitemap.xml,0.6,200,687,,True,False,False,queued,
10,Sitemap URLs.csv,11,10,https://qorium.online/blog/seven-stages,https://qorium.online/blog/seven-stages,/blog/seven-stages,Blog,https://qorium.online/sitemap.xml,0.6,200,757,,True,False,False,queued,
11,Sitemap URLs.csv,12,11,https://qorium.online/blog/staffing-firm-roi,https://qorium.online/blog/staffing-firm-roi,/blog/staffing-firm-roi,Blog,https://qorium.online/sitemap.xml,0.6,200,454,,True,False,False,queued,
12,Sitemap URLs.csv,13,12,https://qorium.online/changelog,https://qorium.online/changelog,/changelog,Changelog,https://qorium.online/sitemap.xml,0.8,200,269,,True,False,False,queued,
13,Sitemap URLs.csv,14,13,https://qorium.online/compare/qorium-vs-adaface,https://qorium.online/compare/qorium-vs-adaface,/compare/qorium-vs-adaface,Compare,https://qorium.online/sitemap-compare.xml,,200,256,,True,False,False,queued,
14,Sitemap URLs.csv,15,14,https://qorium.online/compare/qorium-vs-coderbyte,https://qorium.online/compare/qorium-vs-coderbyte,/compare/qorium-vs-coderbyte,Compare,https://qorium.online/sitemap-compare.xml,,200,261,,True,False,False,queued,
15,Sitemap URLs.csv,16,15,https://qorium.online/compare/qorium-vs-devskiller,https://qorium.online/compare/qorium-vs-devskiller,/compare/qorium-vs-devskiller,Compare,https://qorium.online/sitemap-compare.xml,,200,369,,True,False,False,queued,
16,Sitemap URLs.csv,17,16,https://qorium.online/compare/qorium-vs-hackerrank,https://qorium.online/compare/qorium-vs-hackerrank,/compare/qorium-vs-hackerrank,Compare,https://qorium.online/sitemap-compare.xml,,200,437,,True,False,False,queued,
17,Sitemap URLs.csv,18,17,https://qorium.online/compare/qorium-vs-imocha,https://qorium.online/compare/qorium-vs-imocha,/compare/qorium-vs-imocha,Compare,https://qorium.online/sitemap-compare.xml,,200,272,,True,False,False,queued,
18,Sitemap URLs.csv,19,18,https://qorium.online/compare/qorium-vs-karat,https://qorium.online/compare/qorium-vs-karat,/compare/qorium-vs-karat,Compare,https://qorium.online/sitemap-compare.xml,,200,280,,True,False,False,queued,
19,Sitemap URLs.csv,20,19,https://qorium.online/compare/qorium-vs-mettl,https://qorium.online/compare/qorium-vs-mettl,/compare/qorium-vs-mettl,Compare,https://qorium.online/sitemap-compare.xml,,200,251,,True,False,False,queued,
20,Sitemap URLs.csv,21,20,https://qorium.online/compare/qorium-vs-techcurators,https://qorium.online/compare/qorium-vs-techcurators,/compare/qorium-vs-techcurators,Compare,https://qorium.online/sitemap-compare.xml,,200,316,,True,False,False,queued,
21,Sitemap URLs.csv,22,21,https://qorium.online/compare/qorium-vs-testgorilla,https://qorium.online/compare/qorium-vs-testgorilla,/compare/qorium-vs-testgorilla,Compare,https://qorium.online/sitemap-compare.xml,,200,362,,True,False,False,queued,
22,Sitemap URLs.csv,23,22,https://qorium.online/compare/qorium-vs-vervoe,https://qorium.online/compare/qorium-vs-vervoe,/compare/qorium-vs-vervoe,Compare,https://qorium.online/sitemap-compare.xml,,200,303,,True,False,False,queued,
23,Sitemap URLs.csv,24,23,https://qorium.online/compare/qorium-vs-wecp,https://qorium.online/compare/qorium-vs-wecp,/compare/qorium-vs-wecp,Compare,https://qorium.online/sitemap-compare.xml,,200,344,,True,False,False,queued,
24,Sitemap URLs.csv,25,24,https://qorium.online/compliance-dpdp,https://qorium.online/compliance-dpdp,/compliance-dpdp,Compliance-dpdp,https://qorium.online/sitemap.xml,0.8,200,379,,True,False,False,queued,
25,Sitemap URLs.csv,26,25,https://qorium.online/contact,https://qorium.online/contact,/contact,Contact,https://qorium.online/sitemap.xml,0.8,200,320,,True,False,False,queued,
26,Sitemap URLs.csv,27,26,https://qorium.online/customer/talpro-india,https://qorium.online/customer/talpro-india,/customer/talpro-india,Customer,https://qorium.online/sitemap.xml,0.8,200,307,,True,False,False,queued,
27,Sitemap URLs.csv,28,27,https://qorium.online/customers,https://qorium.online/customers,/customers,Customers,https://qorium.online/sitemap.xml,0.8,200,273,,True,False,False,queued,
28,Sitemap URLs.csv,29,28,https://qorium.online/demo,https://qorium.online/demo,/demo,Demo,https://qorium.online/sitemap.xml,0.8,200,242,,True,False,False,queued,
29,Sitemap URLs.csv,30,29,https://qorium.online/dpa,https://qorium.online/dpa,/dpa,Dpa,https://qorium.online/sitemap.xml,0.8,200,202,,True,False,False,queued,
30,Sitemap URLs.csv,31,30,https://qorium.online/library,https://qorium.online/library,/library,Library,https://qorium.online/sitemap.xml,0.8,200,320,,True,False,False,queued,
31,Sitemap URLs.csv,32,31,https://qorium.online/library/ai-pair-coding,https://qorium.online/library/ai-pair-coding,/library/ai-pair-coding,Library,https://qorium.online/sitemap-library.xml,,200,255,,True,False,False,queued,
32,Sitemap URLs.csv,33,32,https://qorium.online/library/ai-prompt-engineering,https://qorium.online/library/ai-prompt-engineering,/library/ai-prompt-engineering,Library,https://qorium.online/sitemap-library.xml,,200,269,,True,False,False,queued,
33,Sitemap URLs.csv,34,33,https://qorium.online/library/ai-tool-use-judgment,https://qorium.online/library/ai-tool-use-judgment,/library/ai-tool-use-judgment,Library,https://qorium.online/sitemap-library.xml,,200,227,,True,False,False,queued,
34,Sitemap URLs.csv,35,34,https://qorium.online/library/aws,https://qorium.online/library/aws,/library/aws,Library,https://qorium.online/sitemap-library.xml,,200,211,,True,False,False,queued,
35,Sitemap URLs.csv,36,35,https://qorium.online/library/cognitive-ability,https://qorium.online/library/cognitive-ability,/library/cognitive-ability,Library,https://qorium.online/sitemap-library.xml,,200,294,,True,False,False,queued,
36,Sitemap URLs.csv,37,36,https://qorium.online/library/data-engineering,https://qorium.online/library/data-engineering,/library/data-engineering,Library,https://qorium.online/sitemap-library.xml,,200,513,,True,False,False,queued,
37,Sitemap URLs.csv,38,37,https://qorium.online/library/design-review-participation,https://qorium.online/library/design-review-participation,/library/design-review-participation,Library,https://qorium.online/sitemap-library.xml,,200,230,,True,False,False,queued,
38,Sitemap URLs.csv,39,38,https://qorium.online/library/devops-sre,https://qorium.online/library/devops-sre,/library/devops-sre,Library,https://qorium.online/sitemap-library.xml,,200,305,,True,False,False,queued,
39,Sitemap URLs.csv,40,39,https://qorium.online/library/embedded-c,https://qorium.online/library/embedded-c,/library/embedded-c,Library,https://qorium.online/sitemap-library.xml,,200,233,,True,False,False,queued,
40,Sitemap URLs.csv,41,40,https://qorium.online/library/finacle-flexcube,https://qorium.online/library/finacle-flexcube,/library/finacle-flexcube,Library,https://qorium.online/sitemap-library.xml,,200,255,,True,False,False,queued,
41,Sitemap URLs.csv,42,41,https://qorium.online/library/java,https://qorium.online/library/java,/library/java,Library,https://qorium.online/sitemap-library.xml,,200,219,,True,False,False,queued,
42,Sitemap URLs.csv,43,42,https://qorium.online/library/oracle-hcm-cloud,https://qorium.online/library/oracle-hcm-cloud,/library/oracle-hcm-cloud,Library,https://qorium.online/sitemap-library.xml,,200,251,,True,False,False,queued,
43,Sitemap URLs.csv,44,43,https://qorium.online/library/personality-sjt,https://qorium.online/library/personality-sjt,/library/personality-sjt,Library,https://qorium.online/sitemap-library.xml,,200,288,,True,False,False,queued,
44,Sitemap URLs.csv,45,44,https://qorium.online/library/python,https://qorium.online/library/python,/library/python,Library,https://qorium.online/sitemap-library.xml,,200,245,,True,False,False,queued,
45,Sitemap URLs.csv,46,45,https://qorium.online/library/react,https://qorium.online/library/react,/library/react,Library,https://qorium.online/sitemap-library.xml,,200,222,,True,False,False,queued,
46,Sitemap URLs.csv,47,46,https://qorium.online/library/salesforce,https://qorium.online/library/salesforce,/library/salesforce,Library,https://qorium.online/sitemap-library.xml,,200,292,,True,False,False,queued,
47,Sitemap URLs.csv,48,47,https://qorium.online/library/salesforce-admin,https://qorium.online/library/salesforce-admin,/library/salesforce-admin,Library,https://qorium.online/sitemap-library.xml,,200,245,,True,False,False,queued,
48,Sitemap URLs.csv,49,48,https://qorium.online/library/salesforce-cpq,https://qorium.online/library/salesforce-cpq,/library/salesforce-cpq,Library,https://qorium.online/sitemap-library.xml,,200,302,,True,False,False,queued,
49,Sitemap URLs.csv,50,49,https://qorium.online/library/sap-abap,https://qorium.online/library/sap-abap,/library/sap-abap,Library,https://qorium.online/sitemap-library.xml,,200,290,,True,False,False,queued,
50,Sitemap URLs.csv,51,50,https://qorium.online/library/sql,https://qorium.online/library/sql,/library/sql,Library,https://qorium.online/sitemap-library.xml,,200,267,,True,False,False,queued,
51,Sitemap URLs.csv,52,51,https://qorium.online/library/technical-communication,https://qorium.online/library/technical-communication,/library/technical-communication,Library,https://qorium.online/sitemap-library.xml,,200,224,,True,False,False,queued,
52,Sitemap URLs.csv,53,52,https://qorium.online/llm-info,https://qorium.online/llm-info,/llm-info,Llm-info,https://qorium.online/sitemap.xml,0.8,200,274,,True,False,False,queued,
53,Sitemap URLs.csv,54,53,https://qorium.online/method,https://qorium.online/method,/method,Method,https://qorium.online/sitemap.xml,0.8,200,220,,True,False,False,queued,
54,Sitemap URLs.csv,55,54,https://qorium.online/platform,https://qorium.online/platform,/platform,Platform,https://qorium.online/sitemap.xml,0.8,200,279,,True,False,False,queued,
55,Sitemap URLs.csv,56,55,https://qorium.online/platform/api,https://qorium.online/platform/api,/platform/api,Platform,https://qorium.online/sitemap.xml,0.8,200,309,,True,False,False,queued,
56,Sitemap URLs.csv,57,56,https://qorium.online/platform/jd-forge,https://qorium.online/platform/jd-forge,/platform/jd-forge,Platform,https://qorium.online/sitemap.xml,0.8,200,292,,True,False,False,queued,
57,Sitemap URLs.csv,58,57,https://qorium.online/platform/readybank,https://qorium.online/platform/readybank,/platform/readybank,Platform,https://qorium.online/sitemap.xml,0.8,200,247,,True,False,False,queued,
58,Sitemap URLs.csv,59,58,https://qorium.online/platform/stack-vault,https://qorium.online/platform/stack-vault,/platform/stack-vault,Platform,https://qorium.online/sitemap.xml,0.8,200,310,,True,False,False,queued,
59,Sitemap URLs.csv,60,59,https://qorium.online/press-kit,https://qorium.online/press-kit,/press-kit,Press-kit,https://qorium.online/sitemap.xml,0.8,200,291,,True,False,False,queued,
60,Sitemap URLs.csv,61,60,https://qorium.online/pricing,https://qorium.online/pricing,/pricing,Pricing,https://qorium.online/sitemap.xml,0.8,200,233,,True,False,False,queued,
61,Sitemap URLs.csv,62,61,https://qorium.online/privacy,https://qorium.online/privacy,/privacy,Privacy,https://qorium.online/sitemap.xml,0.8,200,217,,True,False,False,queued,
62,Sitemap URLs.csv,63,62,https://qorium.online/research,https://qorium.online/research,/research,Research,https://qorium.online/sitemap.xml,0.8,200,275,,True,False,False,queued,
63,Sitemap URLs.csv,64,63,https://qorium.online/research/plagiarism-benchmark,https://qorium.online/research/plagiarism-benchmark,/research/plagiarism-benchmark,Research,https://qorium.online/sitemap.xml,0.8,200,349,,True,False,False,queued,
64,Sitemap URLs.csv,65,64,https://qorium.online/resources,https://qorium.online/resources,/resources,Resources,https://qorium.online/sitemap.xml,0.8,200,237,,True,False,False,queued,
65,Sitemap URLs.csv,66,65,https://qorium.online/resources/guides,https://qorium.online/resources/guides,/resources/guides,Resources,https://qorium.online/sitemap.xml,0.8,200,264,,True,False,False,queued,
66,Sitemap URLs.csv,67,66,https://qorium.online/resources/guides/hiring-rubric-hr-tribunal,https://qorium.online/resources/guides/hiring-rubric-hr-tribunal,/resources/guides/hiring-rubric-hr-tribunal,Resources,https://qorium.online/sitemap.xml,0.65,200,226,,True,False,False,queued,
67,Sitemap URLs.csv,68,67,https://qorium.online/resources/guides/how-to-evaluate-ai-hiring-vendors,https://qorium.online/resources/guides/how-to-evaluate-ai-hiring-vendors,/resources/guides/how-to-evaluate-ai-hiring-vendors,Resources,https://qorium.online/sitemap.xml,0.65,200,295,,True,False,False,queued,
68,Sitemap URLs.csv,69,68,https://qorium.online/resources/guides/recruitment-plan-template,https://qorium.online/resources/guides/recruitment-plan-template,/resources/guides/recruitment-plan-template,Resources,https://qorium.online/sitemap.xml,0.65,200,264,,True,False,False,queued,
69,Sitemap URLs.csv,70,69,https://qorium.online/resources/guides/shortlisting-matrix-template,https://qorium.online/resources/guides/shortlisting-matrix-template,/resources/guides/shortlisting-matrix-template,Resources,https://qorium.online/sitemap.xml,0.65,200,259,,True,False,False,queued,
70,Sitemap URLs.csv,71,70,https://qorium.online/resources/guides/skills-gap-analysis-template,https://qorium.online/resources/guides/skills-gap-analysis-template,/resources/guides/skills-gap-analysis-template,Resources,https://qorium.online/sitemap.xml,0.65,200,287,,True,False,False,queued,
71,Sitemap URLs.csv,72,71,https://qorium.online/resources/guides/skills-testing,https://qorium.online/resources/guides/skills-testing,/resources/guides/skills-testing,Resources,https://qorium.online/sitemap.xml,0.65,200,263,,True,False,False,queued,
72,Sitemap URLs.csv,73,72,https://qorium.online/resources/job-descriptions,https://qorium.online/resources/job-descriptions,/resources/job-descriptions,Resources,https://qorium.online/sitemap.xml,0.8,200,278,,True,False,False,queued,
73,Sitemap URLs.csv,74,73,https://qorium.online/resources/job-descriptions/b2b-sales-executive,https://qorium.online/resources/job-descriptions/b2b-sales-executive,/resources/job-descriptions/b2b-sales-executive,Resources,https://qorium.online/sitemap.xml,0.72,200,258,,True,False,False,queued,
74,Sitemap URLs.csv,75,74,https://qorium.online/resources/job-descriptions/cloud-engineer,https://qorium.online/resources/job-descriptions/cloud-engineer,/resources/job-descriptions/cloud-engineer,Resources,https://qorium.online/sitemap.xml,0.72,200,240,,True,False,False,queued,
75,Sitemap URLs.csv,76,75,https://qorium.online/resources/job-descriptions/content-writer,https://qorium.online/resources/job-descriptions/content-writer,/resources/job-descriptions/content-writer,Resources,https://qorium.online/sitemap.xml,0.72,200,245,,True,False,False,queued,
76,Sitemap URLs.csv,77,76,https://qorium.online/resources/job-descriptions/cyber-security-analyst,https://qorium.online/resources/job-descriptions/cyber-security-analyst,/resources/job-descriptions/cyber-security-analyst,Resources,https://qorium.online/sitemap.xml,0.72,200,225,,True,False,False,queued,
77,Sitemap URLs.csv,78,77,https://qorium.online/resources/job-descriptions/data-analyst,https://qorium.online/resources/job-descriptions/data-analyst,/resources/job-descriptions/data-analyst,Resources,https://qorium.online/sitemap.xml,0.72,200,228,,True,False,False,queued,
78,Sitemap URLs.csv,79,78,https://qorium.online/resources/job-descriptions/data-scientist,https://qorium.online/resources/job-descriptions/data-scientist,/resources/job-descriptions/data-scientist,Resources,https://qorium.online/sitemap.xml,0.72,200,291,,True,False,False,queued,
79,Sitemap URLs.csv,80,79,https://qorium.online/resources/job-descriptions/devops-engineer,https://qorium.online/resources/job-descriptions/devops-engineer,/resources/job-descriptions/devops-engineer,Resources,https://qorium.online/sitemap.xml,0.72,200,204,,True,False,False,queued,
80,Sitemap URLs.csv,81,80,https://qorium.online/resources/job-descriptions/digital-marketing-executive,https://qorium.online/resources/job-descriptions/digital-marketing-executive,/resources/job-descriptions/digital-marketing-executive,Resources,https://qorium.online/sitemap.xml,0.72,200,310,,True,False,False,queued,
81,Sitemap URLs.csv,82,81,https://qorium.online/resources/job-descriptions/full-stack-developer,https://qorium.online/resources/job-descriptions/full-stack-developer,/resources/job-descriptions/full-stack-developer,Resources,https://qorium.online/sitemap.xml,0.72,200,229,,True,False,False,queued,
82,Sitemap URLs.csv,83,82,https://qorium.online/resources/job-descriptions/inside-sales-representative,https://qorium.online/resources/job-descriptions/inside-sales-representative,/resources/job-descriptions/inside-sales-representative,Resources,https://qorium.online/sitemap.xml,0.72,200,251,,True,False,False,queued,
83,Sitemap URLs.csv,84,83,https://qorium.online/resources/job-descriptions/java-developer,https://qorium.online/resources/job-descriptions/java-developer,/resources/job-descriptions/java-developer,Resources,https://qorium.online/sitemap.xml,0.72,200,221,,True,False,False,queued,
84,Sitemap URLs.csv,85,84,https://qorium.online/resources/job-descriptions/manual-qa-tester,https://qorium.online/resources/job-descriptions/manual-qa-tester,/resources/job-descriptions/manual-qa-tester,Resources,https://qorium.online/sitemap.xml,0.72,200,337,,True,False,False,queued,
85,Sitemap URLs.csv,86,85,https://qorium.online/resources/job-descriptions/node-js-developer,https://qorium.online/resources/job-descriptions/node-js-developer,/resources/job-descriptions/node-js-developer,Resources,https://qorium.online/sitemap.xml,0.72,200,211,,True,False,False,queued,
86,Sitemap URLs.csv,87,86,https://qorium.online/resources/job-descriptions/power-bi-developer,https://qorium.online/resources/job-descriptions/power-bi-developer,/resources/job-descriptions/power-bi-developer,Resources,https://qorium.online/sitemap.xml,0.72,200,310,,True,False,False,queued,
87,Sitemap URLs.csv,88,87,https://qorium.online/resources/job-descriptions/product-manager,https://qorium.online/resources/job-descriptions/product-manager,/resources/job-descriptions/product-manager,Resources,https://qorium.online/sitemap.xml,0.72,200,231,,True,False,False,queued,
88,Sitemap URLs.csv,89,88,https://qorium.online/resources/job-descriptions/project-manager,https://qorium.online/resources/job-descriptions/project-manager,/resources/job-descriptions/project-manager,Resources,https://qorium.online/sitemap.xml,0.72,200,266,,True,False,False,queued,
89,Sitemap URLs.csv,90,89,https://qorium.online/resources/job-descriptions/python-developer,https://qorium.online/resources/job-descriptions/python-developer,/resources/job-descriptions/python-developer,Resources,https://qorium.online/sitemap.xml,0.72,200,261,,True,False,False,queued,
90,Sitemap URLs.csv,91,90,https://qorium.online/resources/job-descriptions/qa-automation-engineer,https://qorium.online/resources/job-descriptions/qa-automation-engineer,/resources/job-descriptions/qa-automation-engineer,Resources,https://qorium.online/sitemap.xml,0.72,200,289,,True,False,False,queued,
91,Sitemap URLs.csv,92,91,https://qorium.online/resources/job-descriptions/react-developer,https://qorium.online/resources/job-descriptions/react-developer,/resources/job-descriptions/react-developer,Resources,https://qorium.online/sitemap.xml,0.72,200,328,,True,False,False,queued,
92,Sitemap URLs.csv,93,92,https://qorium.online/resources/job-descriptions/recruiter,https://qorium.online/resources/job-descriptions/recruiter,/resources/job-descriptions/recruiter,Resources,https://qorium.online/sitemap.xml,0.72,200,254,,True,False,False,queued,
93,Sitemap URLs.csv,94,93,https://qorium.online/resources/sample-packs,https://qorium.online/resources/sample-packs,/resources/sample-packs,Resources,https://qorium.online/sitemap.xml,0.8,200,271,,True,False,False,queued,
94,Sitemap URLs.csv,95,94,https://qorium.online/resources/sample-packs/ai-prompt-engineering,https://qorium.online/resources/sample-packs/ai-prompt-engineering,/resources/sample-packs/ai-prompt-engineering,Resources,https://qorium.online/sitemap.xml,0.7,200,260,,True,False,False,queued,
95,Sitemap URLs.csv,96,95,https://qorium.online/resources/sample-packs/devops-sre,https://qorium.online/resources/sample-packs/devops-sre,/resources/sample-packs/devops-sre,Resources,https://qorium.online/sitemap.xml,0.7,200,261,,True,False,False,queued,
96,Sitemap URLs.csv,97,96,https://qorium.online/resources/sample-packs/embedded-automotive,https://qorium.online/resources/sample-packs/embedded-automotive,/resources/sample-packs/embedded-automotive,Resources,https://qorium.online/sitemap.xml,0.7,200,232,,True,False,False,queued,
97,Sitemap URLs.csv,98,97,https://qorium.online/resources/sample-packs/finacle-flexcube,https://qorium.online/resources/sample-packs/finacle-flexcube,/resources/sample-packs/finacle-flexcube,Resources,https://qorium.online/sitemap.xml,0.7,200,292,,True,False,False,queued,
98,Sitemap URLs.csv,99,98,https://qorium.online/resources/sample-packs/oracle-hcm-cloud,https://qorium.online/resources/sample-packs/oracle-hcm-cloud,/resources/sample-packs/oracle-hcm-cloud,Resources,https://qorium.online/sitemap.xml,0.7,200,208,,True,False,False,queued,
99,Sitemap URLs.csv,100,99,https://qorium.online/resources/sample-packs/salesforce-cpq,https://qorium.online/resources/sample-packs/salesforce-cpq,/resources/sample-packs/salesforce-cpq,Resources,https://qorium.online/sitemap.xml,0.7,200,234,,True,False,False,queued,
100,Sitemap URLs.csv,101,100,https://qorium.online/resources/sample-packs/sap-abap,https://qorium.online/resources/sample-packs/sap-abap,/resources/sample-packs/sap-abap,Resources,https://qorium.online/sitemap.xml,0.7,200,322,,True,False,False,queued,
101,Sitemap URLs.csv,102,101,https://qorium.online/resources/sample-packs/senior-aws,https://qorium.online/resources/sample-packs/senior-aws,/resources/sample-packs/senior-aws,Resources,https://qorium.online/sitemap.xml,0.7,200,285,,True,False,False,queued,
102,Sitemap URLs.csv,103,102,https://qorium.online/resources/sample-packs/senior-java,https://qorium.online/resources/sample-packs/senior-java,/resources/sample-packs/senior-java,Resources,https://qorium.online/sitemap.xml,0.7,200,252,,True,False,False,queued,
103,Sitemap URLs.csv,104,103,https://qorium.online/resources/sample-packs/senior-python,https://qorium.online/resources/sample-packs/senior-python,/resources/sample-packs/senior-python,Resources,https://qorium.online/sitemap.xml,0.7,200,273,,True,False,False,queued,
104,Sitemap URLs.csv,105,104,https://qorium.online/resources/sample-packs/senior-react,https://qorium.online/resources/sample-packs/senior-react,/resources/sample-packs/senior-react,Resources,https://qorium.online/sitemap.xml,0.7,200,265,,True,False,False,queued,
105,Sitemap URLs.csv,106,105,https://qorium.online/resources/sample-packs/senior-salesforce,https://qorium.online/resources/sample-packs/senior-salesforce,/resources/sample-packs/senior-salesforce,Resources,https://qorium.online/sitemap.xml,0.7,200,257,,True,False,False,queued,
106,Sitemap URLs.csv,107,106,https://qorium.online/resources/sample-packs/senior-sql-data,https://qorium.online/resources/sample-packs/senior-sql-data,/resources/sample-packs/senior-sql-data,Resources,https://qorium.online/sitemap.xml,0.7,200,258,,True,False,False,queued,
107,Sitemap URLs.csv,108,107,https://qorium.online/responsible-ai,https://qorium.online/responsible-ai,/responsible-ai,Responsible-ai,https://qorium.online/sitemap.xml,0.8,200,266,,True,False,False,queued,
108,Sitemap URLs.csv,109,108,https://qorium.online/science,https://qorium.online/science,/science,Science,https://qorium.online/sitemap.xml,0.8,200,226,,True,False,False,queued,
109,Sitemap URLs.csv,110,109,https://qorium.online/security,https://qorium.online/security,/security,Security,https://qorium.online/sitemap.xml,0.8,200,298,,True,False,False,queued,
110,Sitemap URLs.csv,111,110,https://qorium.online/signin,https://qorium.online/signin,/signin,Signin,https://qorium.online/sitemap.xml,0.8,200,224,,True,False,False,queued,
111,Sitemap URLs.csv,112,111,https://qorium.online/solutions/assessment-platforms,https://qorium.online/solutions/assessment-platforms,/solutions/assessment-platforms,Solutions,https://qorium.online/sitemap.xml,0.8,200,221,,True,False,False,queued,
112,Sitemap URLs.csv,113,112,https://qorium.online/solutions/by-company-type/enterprise,https://qorium.online/solutions/by-company-type/enterprise,/solutions/by-company-type/enterprise,Solutions,https://qorium.online/sitemap.xml,0.7,200,257,,True,False,False,queued,
113,Sitemap URLs.csv,114,113,https://qorium.online/solutions/by-company-type/smb,https://qorium.online/solutions/by-company-type/smb,/solutions/by-company-type/smb,Solutions,https://qorium.online/sitemap.xml,0.7,200,230,,True,False,False,queued,
114,Sitemap URLs.csv,115,114,https://qorium.online/solutions/by-company-type/startup,https://qorium.online/solutions/by-company-type/startup,/solutions/by-company-type/startup,Solutions,https://qorium.online/sitemap.xml,0.7,200,282,,True,False,False,queued,
115,Sitemap URLs.csv,116,115,https://qorium.online/solutions/by-industry/bfsi,https://qorium.online/solutions/by-industry/bfsi,/solutions/by-industry/bfsi,Solutions,https://qorium.online/sitemap.xml,0.7,200,225,,True,False,False,queued,
116,Sitemap URLs.csv,117,116,https://qorium.online/solutions/by-industry/gcc-global-capability-centers,https://qorium.online/solutions/by-industry/gcc-global-capability-centers,/solutions/by-industry/gcc-global-capability-centers,Solutions,https://qorium.online/sitemap.xml,0.7,200,276,,True,False,False,queued,
117,Sitemap URLs.csv,118,117,https://qorium.online/solutions/by-industry/healthcare,https://qorium.online/solutions/by-industry/healthcare,/solutions/by-industry/healthcare,Solutions,https://qorium.online/sitemap.xml,0.7,200,216,,True,False,False,queued,
118,Sitemap URLs.csv,119,118,https://qorium.online/solutions/by-industry/it-product,https://qorium.online/solutions/by-industry/it-product,/solutions/by-industry/it-product,Solutions,https://qorium.online/sitemap.xml,0.7,200,333,,True,False,False,queued,
119,Sitemap URLs.csv,120,119,https://qorium.online/solutions/by-industry/it-services-staffing,https://qorium.online/solutions/by-industry/it-services-staffing,/solutions/by-industry/it-services-staffing,Solutions,https://qorium.online/sitemap.xml,0.7,200,229,,True,False,False,queued,
120,Sitemap URLs.csv,121,120,https://qorium.online/solutions/by-industry/retail-and-ecommerce,https://qorium.online/solutions/by-industry/retail-and-ecommerce,/solutions/by-industry/retail-and-ecommerce,Solutions,https://qorium.online/sitemap.xml,0.7,200,268,,True,False,False,queued,
121,Sitemap URLs.csv,122,121,https://qorium.online/solutions/by-use-case/campus-hiring,https://qorium.online/solutions/by-use-case/campus-hiring,/solutions/by-use-case/campus-hiring,Solutions,https://qorium.online/sitemap.xml,0.7,200,277,,True,False,False,queued,
122,Sitemap URLs.csv,123,122,https://qorium.online/solutions/by-use-case/high-volume-hiring,https://qorium.online/solutions/by-use-case/high-volume-hiring,/solutions/by-use-case/high-volume-hiring,Solutions,https://qorium.online/sitemap.xml,0.7,200,339,,True,False,False,queued,
123,Sitemap URLs.csv,124,123,https://qorium.online/solutions/by-use-case/internal-mobility,https://qorium.online/solutions/by-use-case/internal-mobility,/solutions/by-use-case/internal-mobility,Solutions,https://qorium.online/sitemap.xml,0.7,200,291,,True,False,False,queued,
124,Sitemap URLs.csv,125,124,https://qorium.online/solutions/by-use-case/lateral-hiring,https://qorium.online/solutions/by-use-case/lateral-hiring,/solutions/by-use-case/lateral-hiring,Solutions,https://qorium.online/sitemap.xml,0.7,200,226,,True,False,False,queued,
125,Sitemap URLs.csv,126,125,https://qorium.online/solutions/by-use-case/technical-screening,https://qorium.online/solutions/by-use-case/technical-screening,/solutions/by-use-case/technical-screening,Solutions,https://qorium.online/sitemap.xml,0.7,200,299,,True,False,False,queued,
126,Sitemap URLs.csv,127,126,https://qorium.online/solutions/enterprises-gcc,https://qorium.online/solutions/enterprises-gcc,/solutions/enterprises-gcc,Solutions,https://qorium.online/sitemap.xml,0.8,200,215,,True,False,False,queued,
127,Sitemap URLs.csv,128,127,https://qorium.online/solutions/role,https://qorium.online/solutions/role,/solutions/role,Solutions,https://qorium.online/sitemap.xml,0.8,200,230,,True,False,False,queued,
128,Sitemap URLs.csv,129,128,https://qorium.online/solutions/role/ai-engineer,https://qorium.online/solutions/role/ai-engineer,/solutions/role/ai-engineer,Solutions,https://qorium.online/sitemap-roles.xml,,200,275,,True,False,False,queued,
129,Sitemap URLs.csv,130,129,https://qorium.online/solutions/role/cloud-engineer,https://qorium.online/solutions/role/cloud-engineer,/solutions/role/cloud-engineer,Solutions,https://qorium.online/sitemap-roles.xml,,200,231,,True,False,False,queued,
130,Sitemap URLs.csv,131,130,https://qorium.online/solutions/role/core-banking-consultant,https://qorium.online/solutions/role/core-banking-consultant,/solutions/role/core-banking-consultant,Solutions,https://qorium.online/sitemap-roles.xml,,200,276,,True,False,False,queued,
131,Sitemap URLs.csv,132,131,https://qorium.online/solutions/role/data,https://qorium.online/solutions/role/data,/solutions/role/data,Solutions,https://qorium.online/sitemap-roles.xml,,200,264,,True,False,False,queued,
132,Sitemap URLs.csv,133,132,https://qorium.online/solutions/role/data-engineer,https://qorium.online/solutions/role/data-engineer,/solutions/role/data-engineer,Solutions,https://qorium.online/sitemap-roles.xml,,200,281,,True,False,False,queued,
133,Sitemap URLs.csv,134,133,https://qorium.online/solutions/role/devops,https://qorium.online/solutions/role/devops,/solutions/role/devops,Solutions,https://qorium.online/sitemap-roles.xml,,200,207,,True,False,False,queued,
134,Sitemap URLs.csv,135,134,https://qorium.online/solutions/role/devops-engineer,https://qorium.online/solutions/role/devops-engineer,/solutions/role/devops-engineer,Solutions,https://qorium.online/sitemap-roles.xml,,200,321,,True,False,False,queued,
135,Sitemap URLs.csv,136,135,https://qorium.online/solutions/role/embedded-engineer,https://qorium.online/solutions/role/embedded-engineer,/solutions/role/embedded-engineer,Solutions,https://qorium.online/sitemap-roles.xml,,200,319,,True,False,False,queued,
136,Sitemap URLs.csv,137,136,https://qorium.online/solutions/role/java-developer,https://qorium.online/solutions/role/java-developer,/solutions/role/java-developer,Solutions,https://qorium.online/sitemap-roles.xml,,200,224,,True,False,False,queued,
137,Sitemap URLs.csv,138,137,https://qorium.online/solutions/role/non-tech,https://qorium.online/solutions/role/non-tech,/solutions/role/non-tech,Solutions,https://qorium.online/sitemap-roles.xml,,200,307,,True,False,False,queued,
138,Sitemap URLs.csv,139,138,https://qorium.online/solutions/role/oracle-hcm-consultant,https://qorium.online/solutions/role/oracle-hcm-consultant,/solutions/role/oracle-hcm-consultant,Solutions,https://qorium.online/sitemap-roles.xml,,200,235,,True,False,False,queued,
139,Sitemap URLs.csv,140,139,https://qorium.online/solutions/role/python-developer,https://qorium.online/solutions/role/python-developer,/solutions/role/python-developer,Solutions,https://qorium.online/sitemap-roles.xml,,200,280,,True,False,False,queued,
140,Sitemap URLs.csv,141,140,https://qorium.online/solutions/role/react-developer,https://qorium.online/solutions/role/react-developer,/solutions/role/react-developer,Solutions,https://qorium.online/sitemap-roles.xml,,200,245,,True,False,False,queued,
141,Sitemap URLs.csv,142,141,https://qorium.online/solutions/role/salesforce-cpq-consultant,https://qorium.online/solutions/role/salesforce-cpq-consultant,/solutions/role/salesforce-cpq-consultant,Solutions,https://qorium.online/sitemap-roles.xml,,200,279,,True,False,False,queued,
142,Sitemap URLs.csv,143,142,https://qorium.online/solutions/role/salesforce-developer,https://qorium.online/solutions/role/salesforce-developer,/solutions/role/salesforce-developer,Solutions,https://qorium.online/sitemap-roles.xml,,200,217,,True,False,False,queued,
143,Sitemap URLs.csv,144,143,https://qorium.online/solutions/role/sap-abap-consultant,https://qorium.online/solutions/role/sap-abap-consultant,/solutions/role/sap-abap-consultant,Solutions,https://qorium.online/sitemap-roles.xml,,200,353,,True,False,False,queued,
144,Sitemap URLs.csv,145,144,https://qorium.online/solutions/role/software,https://qorium.online/solutions/role/software,/solutions/role/software,Solutions,https://qorium.online/sitemap-roles.xml,,200,254,,True,False,False,queued,
145,Sitemap URLs.csv,146,145,https://qorium.online/solutions/stack,https://qorium.online/solutions/stack,/solutions/stack,Solutions,https://qorium.online/sitemap.xml,0.8,429,267,Too Many Requests,True,False,False,queued,
146,Sitemap URLs.csv,147,146,https://qorium.online/solutions/stack/ai-era,https://qorium.online/solutions/stack/ai-era,/solutions/stack/ai-era,Solutions,https://qorium.online/sitemap-stacks.xml,,429,252,Too Many Requests,True,False,False,queued,
147,Sitemap URLs.csv,148,147,https://qorium.online/solutions/stack/aws,https://qorium.online/solutions/stack/aws,/solutions/stack/aws,Solutions,https://qorium.online/sitemap-stacks.xml,,429,230,Too Many Requests,True,False,False,queued,
148,Sitemap URLs.csv,149,148,https://qorium.online/solutions/stack/bfsi,https://qorium.online/solutions/stack/bfsi,/solutions/stack/bfsi,Solutions,https://qorium.online/sitemap-stacks.xml,,429,228,Too Many Requests,True,False,False,queued,
149,Sitemap URLs.csv,150,149,https://qorium.online/solutions/stack/cloud-native,https://qorium.online/solutions/stack/cloud-native,/solutions/stack/cloud-native,Solutions,https://qorium.online/sitemap-stacks.xml,,429,220,Too Many Requests,True,False,False,queued,
150,Sitemap URLs.csv,151,150,https://qorium.online/solutions/stack/embedded-automotive,https://qorium.online/solutions/stack/embedded-automotive,/solutions/stack/embedded-automotive,Solutions,https://qorium.online/sitemap-stacks.xml,,429,352,Too Many Requests,True,False,False,queued,
151,Sitemap URLs.csv,152,151,https://qorium.online/solutions/stack/java,https://qorium.online/solutions/stack/java,/solutions/stack/java,Solutions,https://qorium.online/sitemap-stacks.xml,,429,281,Too Many Requests,True,False,False,queued,
152,Sitemap URLs.csv,153,152,https://qorium.online/solutions/stack/kubernetes,https://qorium.online/solutions/stack/kubernetes,/solutions/stack/kubernetes,Solutions,https://qorium.online/sitemap-stacks.xml,,429,236,Too Many Requests,True,False,False,queued,
153,Sitemap URLs.csv,154,153,https://qorium.online/solutions/stack/oracle,https://qorium.online/solutions/stack/oracle,/solutions/stack/oracle,Solutions,https://qorium.online/sitemap-stacks.xml,,429,256,Too Many Requests,True,False,False,queued,
154,Sitemap URLs.csv,155,154,https://qorium.online/solutions/stack/python,https://qorium.online/solutions/stack/python,/solutions/stack/python,Solutions,https://qorium.online/sitemap-stacks.xml,,429,276,Too Many Requests,True,False,False,queued,
155,Sitemap URLs.csv,156,155,https://qorium.online/solutions/stack/react,https://qorium.online/solutions/stack/react,/solutions/stack/react,Solutions,https://qorium.online/sitemap-stacks.xml,,429,247,Too Many Requests,True,False,False,queued,
156,Sitemap URLs.csv,157,156,https://qorium.online/solutions/stack/salesforce,https://qorium.online/solutions/stack/salesforce,/solutions/stack/salesforce,Solutions,https://qorium.online/sitemap-stacks.xml,,429,303,Too Many Requests,True,False,False,queued,
157,Sitemap URLs.csv,158,157,https://qorium.online/solutions/stack/sap,https://qorium.online/solutions/stack/sap,/solutions/stack/sap,Solutions,https://qorium.online/sitemap-stacks.xml,,429,274,Too Many Requests,True,False,False,queued,
158,Sitemap URLs.csv,159,158,https://qorium.online/solutions/stack/sap-abap,https://qorium.online/solutions/stack/sap-abap,/solutions/stack/sap-abap,Solutions,https://qorium.online/sitemap-stacks.xml,,429,256,Too Many Requests,True,False,False,queued,
159,Sitemap URLs.csv,160,159,https://qorium.online/solutions/stack/sql,https://qorium.online/solutions/stack/sql,/solutions/stack/sql,Solutions,https://qorium.online/sitemap-stacks.xml,,429,220,Too Many Requests,True,False,False,queued,
160,Sitemap URLs.csv,161,160,https://qorium.online/solutions/staffing-firms,https://qorium.online/solutions/staffing-firms,/solutions/staffing-firms,Solutions,https://qorium.online/sitemap.xml,0.8,429,227,Too Many Requests,True,False,False,queued,
161,Sitemap URLs.csv,162,161,https://qorium.online/terms,https://qorium.online/terms,/terms,Terms,https://qorium.online/sitemap.xml,0.8,429,217,Too Many Requests,True,False,False,queued,
162,Sitemap URLs.csv,163,162,https://qorium.online/trust,https://qorium.online/trust,/trust,Trust,https://qorium.online/sitemap.xml,0.8,429,267,Too Many Requests,True,False,False,queued,
163,Sitemap URLs.csv,164,163,https://qorium.online/trust/bias-audit,https://qorium.online/trust/bias-audit,/trust/bias-audit,Trust,https://qorium.online/sitemap.xml,0.8,429,214,Too Many Requests,True,False,False,queued,
164,Sitemap URLs.csv,165,164,https://qorium.online/trust/security,https://qorium.online/trust/security,/trust/security,Trust,https://qorium.online/sitemap.xml,0.8,429,288,Too Many Requests,True,False,False,queued,
165,Sitemap URLs.csv,166,165,https://qorium.online/trust/sub-processors,https://qorium.online/trust/sub-processors,/trust/sub-processors,Trust,https://qorium.online/sitemap.xml,0.8,429,213,Too Many Requests,True,False,False,queued,
166,Sitemap URLs.csv,167,166,https://qorium.online/try,https://qorium.online/try,/try,Try,https://qorium.online/sitemap.xml,0.8,429,267,Too Many Requests,True,False,False,queued,
167,Sitemap URLs.csv,168,167,https://qorium.online/try/graded-answer,https://qorium.online/try/graded-answer,/try/graded-answer,Try,https://qorium.online/sitemap.xml,0.8,429,224,Too Many Requests,True,False,False,queued,
168,Sitemap URLs.csv,169,168,https://qorium.online/try/jd-forge,https://qorium.online/try/jd-forge,/try/jd-forge,Try,https://qorium.online/sitemap.xml,0.8,429,292,Too Many Requests,True,False,False,queued,
